feature,importance
demand_1_hour_ago,2620.363247692328
hour,446.36699033124825
demand_24_hours_ago,80.92610312168264
day_of_week,38.59098067979558
temperature_c,26.508853543122655
demand_168_hours_ago,11.300815663500327
month,2.4084781704537135
wind_speed_kmh,2.1013293222012406
is_weekend,0.0
humidity_percent,-2.2892009079468267
